
-- PostgreSQL Database Dump Converted

-- Drop tables if they exist to avoid conflicts
DROP TABLE IF EXISTS pendaftarans CASCADE;
DROP TABLE IF EXISTS users CASCADE;
DROP TABLE IF EXISTS profil_sekolahs CASCADE;
DROP TABLE IF EXISTS prestasis CASCADE;
DROP TABLE IF EXISTS personal_access_tokens CASCADE;
DROP TABLE IF EXISTS password_reset_tokens CASCADE;
DROP TABLE IF EXISTS migrations CASCADE;
DROP TABLE IF EXISTS failed_jobs CASCADE;
DROP TABLE IF EXISTS ekstrakurikulers CASCADE;
DROP TABLE IF EXISTS contacts CASCADE;
DROP TABLE IF EXISTS beritas CASCADE;

-- --------------------------------------------------------
-- Table: beritas
-- --------------------------------------------------------
CREATE TABLE beritas (
  id bigint GENERATED BY DEFAULT AS IDENTITY PRIMARY KEY,
  judul varchar(255) NOT NULL,
  slug varchar(255) NOT NULL UNIQUE,
  isi text NOT NULL,
  gambar varchar(255) DEFAULT NULL,
  created_at timestamp NULL DEFAULT NULL,
  updated_at timestamp NULL DEFAULT NULL
);

INSERT INTO beritas (id, judul, slug, isi, gambar, created_at, updated_at) VALUES
(1, 'SMA Erha Jatinagara Sukses Gelar Kegiatan Bakti Sosial dan Pengabdian Masyarakat 2025', 'sma-erha-jatinagara-sukses-gelar-kegiatan-bakti-sosial-dan-pengabdian-masyarakat-2025', 'SMA Erha Jatinagara kembali menunjukkan kepeduliannya terhadap lingkungan sekitar melalui kegiatan Bakti Sosial dan Pengabdian Masyarakat yang dilaksanakan pada Jumat, 28 November 2025. Kegiatan ini melibatkan seluruh siswa kelas X, XI, dan XII serta guru pendamping.\r\n\r\nDalam pelaksanaannya, para siswa membagikan paket sembako kepada warga kurang mampu di wilayah Jatinagara. Selain itu, siswa juga melakukan aksi bersih-bersih lingkungan di beberapa titik seperti area pasar, taman, dan fasilitas umum.\r\n\r\nKepala Sekolah SMA Erha Jatinagara, menyampaikan bahwa program ini bertujuan untuk menumbuhkan rasa empati, tanggung jawab sosial, dan kepedulian terhadap sesama. “Kami berharap kegiatan ini dapat menjadi pengalaman berharga bagi siswa, sekaligus bentuk kontribusi positif sekolah kepada masyarakat,” ujarnya.\r\n\r\nKegiatan berlangsung dengan lancar dan penuh antusiasme. Banyak warga menyambut baik aksi sosial ini dan berharap program serupa dapat terus berlanjut setiap tahun.', '1764481633.jpg', '2025-11-29 22:47:13', '2025-11-29 22:47:13'),
(2, 'Siswa SMA Erha Jatinagara Raih Juara 1 Lomba Sains Tingkat Kabupaten', 'siswa-sma-erha-jatinagara-raih-juara-1-lomba-sains-tingkat-kabupaten', 'Prestasi membanggakan kembali diraih oleh SMA Erha Jatinagara. Salah satu siswa terbaik, berhasil meraih Juara 1 Lomba Sains Fisika Tingkat Kabupaten pada ajang Kompetisi Sains Pelajar 2025 yang diselenggarakan di Gedung Dinas Pendidikan Kabupaten.\r\n\r\nDengan persiapan kurang lebih dua bulan, (Nama Siswa) berhasil menyisihkan puluhan peserta dari berbagai sekolah negeri dan swasta. Guru pembimbing, mengatakan bahwa keberhasilan ini merupakan hasil kerja keras siswa dan dukungan penuh dari pihak sekolah.\r\n\r\nKepala sekolah memberikan apresiasi tinggi dan menyampaikan kebanggaannya atas prestasi tersebut. “Ini membuktikan bahwa SMA Erha Jatinagara memiliki potensi besar dalam bidang akademik. Semoga prestasi ini menjadi motivasi bagi siswa lainnya,” kata beliau.\r\n\r\nPrestasi ini juga menambah deretan pencapaian sekolah dalam beberapa tahun terakhir, serta menjadi bukti komitmen SMA Erha Jatinagara dalam meningkatkan kualitas pendidikan dan membangun karakter unggul bagi seluruh siswa.', '1764483552.jpg', '2025-11-29 22:50:30', '2025-11-29 23:19:12'),
(3, 'SMA Erha Jatinagara: Membangun Generasi Berprestasi dan Berkarakter', 'sma-erha-jatinagara-membangun-generasi-berprestasi-dan-berkarakter', 'SMA Erha Jatinagara merupakan salah satu lembaga pendidikan menengah atas yang terus berkembang dan berkomitmen menghadirkan pendidikan berkualitas bagi generasi muda. Berlokasi di Jatinagara, sekolah ini menghadirkan suasana belajar yang nyaman, disiplin, dan berorientasi pada pengembangan potensi siswa.\r\n\r\nDengan dukungan guru-guru berpengalaman, SMA Erha Jatinagara menawarkan berbagai program unggulan seperti kelas tahfidz, kelas sains, dan ekstrakurikuler yang beragam mulai dari olahraga, seni, hingga teknologi. Fasilitas yang lengkap seperti laboratorium, perpustakaan, serta ruang belajar modern membantu menciptakan lingkungan belajar yang kondusif.\r\n\r\nTidak hanya fokus pada akademik, sekolah ini juga menanamkan nilai-nilai karakter seperti kejujuran, kerja sama, tanggung jawab, dan kepedulian sosial. Hal ini diwujudkan melalui berbagai kegiatan seperti bakti sosial, pengabdian masyarakat, dan kegiatan keagamaan.\r\n\r\nDengan visi “Mencetak Generasi Berprestasi, Berkarakter, dan Siap Menghadapi Tantangan Masa Depan”, SMA Erha Jatinagara terus berupaya menjadi sekolah yang unggul dan menjadi pilihan terbaik bagi masyarakat.', '1764482027.jpg', '2025-11-29 22:53:47', '2025-11-29 22:53:47'),
(4, 'SMA Erha Jatinagara Gelar Expo Karya Siswa 2025, Tampilkan Inovasi Kreatif dan Teknologi', 'sma-erha-jatinagara-gelar-expo-karya-siswa-2025-tampilkan-inovasi-kreatif-dan-teknologi', 'SMA Erha Jatinagara sukses menyelenggarakan Expo Karya Siswa 2025 pada Sabtu, 30 November 2025. Acara ini menampilkan lebih dari 60 karya kreatif dari siswa kelas X hingga XII, mulai dari robotik sederhana, poster edukasi, karya seni, hingga produk kewirausahaan.\r\n\r\nKepala sekolah menyampaikan bahwa kegiatan ini bertujuan untuk memberikan ruang bagi siswa untuk mengembangkan kreativitas serta kemampuan berpikir kritis. Para siswa tampak antusias menjelaskan karya mereka kepada para guru, orang tua, dan tamu undangan yang hadir.\r\n\r\nPengunjung memberikan respons positif, terutama pada stand teknologi yang menampilkan prototipe alat pendeteksi kebakaran dan sistem penyiraman tanaman otomatis buatan siswa jurusan MIPA. Expo ini diharapkan dapat menjadi agenda rutin sekolah untuk mendorong semangat inovasi siswa.', '1764483376.jpg', '2025-11-29 23:16:16', '2025-11-29 23:16:16'),
(5, 'Tim Debat SMA Erha Jatinagara Raih Juara 2 Lomba Debat Bahasa Indonesia Tingkat Provinsi', 'tim-debat-sma-erha-jatinagara-raih-juara-2-lomba-debat-bahasa-indonesia-tingkat-provinsi', 'Prestasi kembali ditorehkan oleh Tim Debat SMA Erha Jatinagara setelah berhasil meraih Juara 2 Lomba Debat Bahasa Indonesia tingkat Provinsi Jawa Barat. Kompetisi ini berlangsung pada 22–24 November 2025 dan diikuti oleh lebih dari 20 sekolah terbaik.\r\n\r\nTim debat yang beranggotakan (Nama Siswa 1), (Nama Siswa 2), dan (Nama Siswa 3) mampu menampilkan argumentasi tajam, logis, dan berbobot sehingga berhasil menembus babak final. Guru pembimbing, (Nama Guru), mengungkapkan bahwa persiapan dilakukan secara intensif selama satu bulan dengan latihan rutin setiap sore.\r\n\r\nPihak sekolah menyampaikan kebanggaan atas pencapaian para siswa. “Ini bukti bahwa kemampuan berbicara, berpikir kritis, dan kerja sama tim di SMA Erha Jatinagara sudah berkembang dengan sangat baik,” ujarnya.\r\n\r\nPrestasi ini menambah daftar penghargaan sekolah dan menjadi motivasi bagi siswa lain untuk aktif dalam kegiatan akademik.', '1764483420.jpg', '2025-11-29 23:17:00', '2025-11-29 23:17:00'),
(6, 'Tim Futsal SMA Erha Jatinagara Melaju ke Final Turnamen Antar Pelajar 2025', 'tim-futsal-sma-erha-jatinagara-melaju-ke-final-turnamen-antar-pelajar-2025', 'Tim futsal SMA Erha Jatinagara kembali menunjukkan performa terbaiknya dalam Turnamen Futsal Antar Pelajar se-Jatinagara 2025 yang digelar pada 26–28 November 2025. Dalam pertandingan semifinal, tim SMA Erha Jatinagara berhasil menang dengan skor 4–2 melawan SMK Negeri 3.\r\n\r\nPelatih futsal, (Nama Pelatih), mengungkapkan bahwa kemenangan ini merupakan hasil latihan intensif para pemain selama dua bulan terakhir. Para siswa menunjukkan disiplin, kerja sama yang solid, serta strategi permainan yang matang.\r\n\r\nPertandingan final akan digelar pada awal Desember, dan seluruh warga sekolah memberikan dukungan penuh untuk kemenangan tim futsal kebanggaan SMA Erha Jatinagara. Semangat dan kerja keras para pemain diharapkan dapat membawa pulang gelar juara tahun ini.', '1764483466.jpg', '2025-11-29 23:17:46', '2025-11-29 23:17:46');


-- --------------------------------------------------------
-- Table: contacts
-- --------------------------------------------------------
CREATE TABLE contacts (
  id bigint GENERATED BY DEFAULT AS IDENTITY PRIMARY KEY,
  name varchar(255) NOT NULL,
  email varchar(255) NOT NULL,
  message text NOT NULL,
  is_read smallint NOT NULL DEFAULT 0,
  created_at timestamp NULL DEFAULT NULL,
  updated_at timestamp NULL DEFAULT NULL
);

INSERT INTO contacts (id, name, email, message, is_read, created_at, updated_at) VALUES
(3, 'Muhammad Jaja Maulana', 'bochilandi85@gmail.com', 'Selamat berjuang sukses', 1, '2025-12-22 07:45:38', '2025-12-24 22:07:08');


-- --------------------------------------------------------
-- Table: ekstrakurikulers
-- --------------------------------------------------------
CREATE TABLE ekstrakurikulers (
  id bigint GENERATED BY DEFAULT AS IDENTITY PRIMARY KEY,
  nama varchar(255) NOT NULL,
  foto varchar(255) DEFAULT NULL,
  created_at timestamp NULL DEFAULT NULL,
  updated_at timestamp NULL DEFAULT NULL
);

INSERT INTO ekstrakurikulers (id, nama, foto, created_at, updated_at) VALUES
(1, 'Sepak Bola', '1764586904.jpg', '2025-12-01 04:01:44', '2025-12-01 04:01:44'),
(2, 'Paskibra', '1764586936.jpg', '2025-12-01 04:02:16', '2025-12-01 04:02:16'),
(3, 'Pramuka', '1764586955.jpg', '2025-12-01 04:02:35', '2025-12-01 04:02:35'),
(4, 'Pancak Silat', '1764586976.jpg', '2025-12-01 04:02:56', '2025-12-01 04:02:56');


-- --------------------------------------------------------
-- Table: failed_jobs
-- --------------------------------------------------------
CREATE TABLE failed_jobs (
  id bigint GENERATED BY DEFAULT AS IDENTITY PRIMARY KEY,
  uuid varchar(255) NOT NULL UNIQUE,
  connection text NOT NULL,
  queue text NOT NULL,
  payload text NOT NULL,
  exception text NOT NULL,
  failed_at timestamp NOT NULL DEFAULT current_timestamp
);

-- --------------------------------------------------------
-- Table: migrations
-- --------------------------------------------------------
CREATE TABLE migrations (
  id integer GENERATED BY DEFAULT AS IDENTITY PRIMARY KEY,
  migration varchar(255) NOT NULL,
  batch int NOT NULL
);

INSERT INTO migrations (id, migration, batch) VALUES
(1, '2014_10_12_000000_create_users_table', 1),
(2, '2014_10_12_100000_create_password_reset_tokens_table', 1),
(3, '2019_08_19_000000_create_failed_jobs_table', 1),
(4, '2019_12_14_000001_create_personal_access_tokens_table', 1),
(5, '2024_01_20_create_pendaftaran_table', 1),
(6, '2025_06_29_112257_create_pendaftarans_table', 1),
(7, '2025_11_19_154647_create_profil_sekolahs_table', 1),
(8, '2025_11_19_155747_create_ekstrakurikulers_table', 1),
(9, '2025_11_23_161341_create_beritas_table', 1),
(10, '2025_11_30_020641_add_role_to_users_table', 2),
(11, '2025_12_01_042056_create_prestasis_table', 3),
(12, '2025_12_01_111609_create_contacts_table', 4),
(13, '2025_12_07_024927_add_pemenang_to_prestasis_table', 5),
(14, '2025_12_22_162837_add_foto_to_users_table', 6),
(15, '2025_12_25_000000_add_is_read_to_contacts_table', 7),
(16, '2025_12_25_000001_add_is_read_to_pendaftarans_table', 8);


-- --------------------------------------------------------
-- Table: password_reset_tokens
-- --------------------------------------------------------
CREATE TABLE password_reset_tokens (
  email varchar(255) NOT NULL PRIMARY KEY,
  token varchar(255) NOT NULL,
  created_at timestamp NULL DEFAULT NULL
);


-- --------------------------------------------------------
-- Table: users (Defined before pendaftarans due to foreign key)
-- --------------------------------------------------------
CREATE TABLE users (
  id bigint GENERATED BY DEFAULT AS IDENTITY PRIMARY KEY,
  name varchar(255) NOT NULL,
  email varchar(255) NOT NULL UNIQUE,
  foto varchar(255) DEFAULT NULL,
  role varchar(50) NOT NULL DEFAULT 'user',
  email_verified_at timestamp NULL DEFAULT NULL,
  password varchar(255) NOT NULL,
  remember_token varchar(100) DEFAULT NULL,
  created_at timestamp NULL DEFAULT NULL,
  updated_at timestamp NULL DEFAULT NULL
);

INSERT INTO users (id, name, email, foto, role, email_verified_at, password, remember_token, created_at, updated_at) VALUES
(2, 'adirayana', 'adisusendi2@gmail.com', NULL, 'user', NULL, '$2y$10$4MUsUQrK/duLpRcZxwV63.cbGGSpCYdEGrQo5fw0nocAjbKBnEzDu', NULL, '2025-11-29 18:30:59', '2025-11-29 18:30:59'),
(3, 'Muhammad Jaja Maulana', 'bochilandi85@gmail.com', NULL, 'user', NULL, '$2y$10$liTdEV07FjdSevvxIgaeP.VCm1BnVv6GPc07O0fvf72KfETrEMAD2', NULL, '2025-11-29 18:50:39', '2025-11-29 18:50:39'),
(4, 'Kaito', 'admin@gmail.com', 'profile/hfDLz0fVaATGtrozzfOyedCUlFaos1uEoJVDoaER.jpg', 'admin', NULL, '$2y$10$0CFmnkekqkaSrcixEQs/gu4zr.YvlnLNt8j7KzHuwgWnmlMVJhfcm', NULL, '2025-11-29 19:07:55', '2025-12-22 09:31:01'),
(5, 'Dida Nurwahidah', 'nurwahidahdida533@gmail.com', NULL, 'user', NULL, '$2y$10$lTFCHLpVtX0FJ3lEBs4tiukQvKUmYJDywWRW/WNUjKDoizDOQEIWe', NULL, '2025-11-29 20:13:40', '2025-11-29 20:13:40'),
(6, 'ikhwan', 'ridwanikhwangifari@gmail.com', NULL, 'user', NULL, '$2y$10$OzgPTSPvnALA1DK.xy9c7.PFtg5WteVPLEKoYDscX4k/X3bQOgRky', NULL, '2025-11-30 23:57:29', '2025-11-30 23:57:29'),
(17, 'Rizky Maulana', 'rizky@gmail.com', NULL, 'user', NULL, 'password', NULL, '2025-12-04 18:22:39', '2025-12-04 18:22:39'),
(18, 'Siti Rahma Putri', 'rahma.putri@mail.com', NULL, 'user', NULL, 'password', NULL, '2025-12-04 18:22:39', '2025-12-04 18:22:39'),
(19, 'Bagas Adrian', 'bagas.adrian@example.com', NULL, 'user', NULL, 'password', NULL, '2025-12-04 18:22:39', '2025-12-04 18:22:39'),
(20, 'Aulia Zahra', 'aulia.zahra@mail.com', NULL, 'user', NULL, 'password', NULL, '2025-12-04 18:22:39', '2025-12-04 18:22:39'),
(21, 'Muhammad Fikri', 'fikri.mhd@example.com', NULL, 'user', NULL, 'password', NULL, '2025-12-04 18:22:39', '2025-12-04 18:22:39'),
(22, 'Nadila Khairunnisa', 'nadila.khairu@mail.com', NULL, 'user', NULL, 'password', NULL, '2025-12-04 18:22:39', '2025-12-04 18:22:39'),
(23, 'Dewangga Pratama', 'dewangga.prtm@gmail.com', NULL, 'user', NULL, 'password', NULL, '2025-12-04 18:22:39', '2025-12-04 18:22:39'),
(24, 'Putri Melani', 'putri.melani@mail.com', NULL, 'user', NULL, 'password', NULL, '2025-12-04 18:22:39', '2025-12-04 18:22:39'),
(25, 'Kevin Jonathan', 'kevin.jonathan@example.com', NULL, 'user', NULL, 'password', NULL, '2025-12-04 18:22:39', '2025-12-04 18:22:39'),
(26, 'Aisyah Nurjanah', 'aisyah.nurjanah@mail.com', NULL, 'user', NULL, 'password', NULL, '2025-12-04 18:22:39', '2025-12-04 18:22:39'),
(27, 'maman', 'man@gmail.com', NULL, 'user', NULL, '$2y$10$KVqsp6a78U4vbBpuKgU5PugRgIjMe7Fzg.Plo7dRopJrdebkFEczi', NULL, '2025-12-22 09:18:33', '2025-12-22 09:18:33'),
(28, 'maman', 'adam@gmail.com', NULL, 'user', NULL, '$2y$10$YFHhy0NyaOyBBeFFETj09uTpoaY7MNduEMR9xyancmVJBdQx70lTu', NULL, '2025-12-26 00:25:40', '2025-12-26 00:25:40');


-- --------------------------------------------------------
-- Table: pendaftarans
-- --------------------------------------------------------
CREATE TABLE pendaftarans (
  id bigint GENERATED BY DEFAULT AS IDENTITY PRIMARY KEY,
  user_id bigint NOT NULL,
  nama varchar(255) NOT NULL,
  nisn varchar(255) NOT NULL,
  nik varchar(255) NOT NULL,
  tempat_lahir varchar(255) NOT NULL,
  tanggal_lahir date NOT NULL,
  jenis_kelamin varchar(255) NOT NULL,
  agama varchar(255) NOT NULL,
  no_hp varchar(255) NOT NULL,
  alamat text NOT NULL,
  email varchar(255) NOT NULL,
  foto varchar(255) DEFAULT NULL,
  asal_sekolah varchar(255) DEFAULT NULL,
  tahun_lulus varchar(255) DEFAULT NULL,
  nama_ayah varchar(255) NOT NULL,
  nama_ibu varchar(255) NOT NULL,
  no_kk varchar(255) NOT NULL,
  file_kk varchar(255) NOT NULL,
  file_akte varchar(255) NOT NULL,
  file_ijazah varchar(255) DEFAULT NULL,
  status_seleksi varchar(50) NOT NULL DEFAULT 'Diproses',
  verifikasi_dokumen varchar(50) NOT NULL DEFAULT 'Pending',
  is_read smallint NOT NULL DEFAULT 0,
  created_at timestamp NULL DEFAULT NULL,
  updated_at timestamp NULL DEFAULT NULL,
  CONSTRAINT pendaftarans_user_id_foreign FOREIGN KEY (user_id) REFERENCES users (id) ON DELETE CASCADE
);

INSERT INTO pendaftarans (id, user_id, nama, nisn, nik, tempat_lahir, tanggal_lahir, jenis_kelamin, agama, no_hp, alamat, email, foto, asal_sekolah, tahun_lulus, nama_ayah, nama_ibu, no_kk, file_kk, file_akte, file_ijazah, status_seleksi, verifikasi_dokumen, is_read, created_at, updated_at) VALUES
(2, 2, 'adirayana', '12345678912', '12345678912', 'ciamis', '2003-11-23', 'Laki-laki', 'Islam', '081223264682', 'cikoneng', 'adisusendi2@gmail.com', 'foto/j4LK02KYLVXbJcLhcdn98j9M18G9f5KfYMn2sFXP.jpg', 'smpn 1 ciamis', '023', 'Aam', 'aminah', '12345678912', 'dokumen/kk/pIKfU0TIVNqM2VLteauaT4aoTXd8K75rrdI6iTjX.pdf', 'dokumen/akte/A9885Rsy1fflheQ7CCSpldwDpyK6layP2gfaNwjw.pdf', 'dokumen/ijazah/ClYN0AQlhIChUyOYyTg5Aq83CaJlYbvrKwIagQi1.pdf', 'Lulus', 'Pending', 1, '2025-11-29 18:32:55', '2025-12-24 22:30:42'),
(3, 3, 'Muhammad Jaja Maulana', '085861930794', '085861930794', 'ciamis', '3299-11-21', 'Laki-laki', 'Islam', '085861930794', 'ciamis jawabaraat', 'bochilandi85@gmail.com', 'foto/SLT0J3Ry4PkDzfHJ977bT2b5SkE625A5npjF8I1j.jpg', 'smp', '2012', 'iing', 'amang', '085861930794', 'dokumen/kk/eWOENndLRRL48zUGZtN1fVxjUZiLrWV3QFwCtQPT.pdf', 'dokumen/akte/77Z21XI4NkzxY9FYSeSw5jxM8cWALpZS4ZIGAC2d.pdf', 'dokumen/ijazah/rKii9d1fxXhvocSvxAxbNxlAt1l4prxLQFJOTPpK.pdf', 'Tidak Lulus', 'Pending', 1, '2025-11-29 18:52:52', '2025-12-24 22:30:35'),
(4, 5, 'Dida Nurwahidah', '081223423481', '081223423481', 'ciamis', '2004-02-22', 'Perempuan', 'Islam', '081223423481', 'ciamis', 'nurwahidahdida533@gmail.com', 'foto/BYvgYB0SUEHNgGJA2f1Cc8Qx0bOpkLbNysoYSpBs.jpg', 'smp 1 ciamis', '2024', 'Aam', 'Aminah', '081223423481', 'dokumen/kk/p2abxcwcgJ50Chq68QnOISUrcccZf3jVFgVK8EVo.pdf', 'dokumen/akte/YAhzWhO7o18fEdMFwZ8kDju4rYxCpFYOGsNnvk5h.pdf', 'dokumen/ijazah/yxte75IyiuxRTyVk7VOUu84ztQ9j9WFIGUUGqAkV.pdf', 'Lulus', 'Pending', 1, '2025-11-29 20:15:37', '2025-12-24 22:30:30'),
(5, 6, 'ikhwan', '0882828828228', '0882828828228', 'Ciamis', '2004-09-25', 'Laki-laki', 'Islam', '0882828828228', 'Ciamis', 'ridwanikhwangifari@gmail.com', 'foto/ZGaOzxeqwOwIcjl6SBUFTucuq6OsnkgOE7YACdLG.jpg', 'Smp', '2023', 'Aam', 'Aminah', '0882828828228', 'dokumen/kk/NoJ6PtBJV3oK8nTiLVdL8nisstIJkGDxbjKAvelW.pdf', 'dokumen/akte/hLng80lvU3f1nJSWn7h4La3MfakUW7XbiafL5hZ2.pdf', 'dokumen/ijazah/3MhAXx2XHtaZ6byrvnNilPryjrMfT1PeM4cmokXc.pdf', 'Lulus', 'Pending', 1, '2025-11-30 23:59:36', '2025-12-24 22:30:24'),
(36, 17, 'Rizky Maulana', '1234567890', '3273012505010001', 'Bandung', '2005-05-25', 'Laki-laki', 'Islam', '081234567890', 'Jl. Merdeka No. 45, Bandung', 'rizky@gmail.com', 'foto1.jpg', 'SMP Negeri 5 Bandung', '2021', 'Dedi Mulyadi', 'Siti Aminah', '3273011508070001', 'kk_rizky.pdf', 'akte_rizky.pdf', 'ijazah_rizky.pdf', 'Lulus', 'Pending', 1, '2025-12-04 18:30:54', '2025-12-24 22:28:54'),
(37, 18, 'Siti Rahma Putri', '9876543210', '3273021504020005', 'Jakarta', '2004-04-15', 'Perempuan', 'Islam', '082278889900', 'Jl. Cendana No. 12, Jakarta Selatan', 'rahma.putri@mail.com', 'foto2.png', 'SMP Labschool Jakarta', '2020', 'Herman Prayoga', 'Nur Aisyah', '3273022207010003', 'kk_rahma.pdf', 'akte_rahma.pdf', 'ijazah_rahma.pdf', 'Lulus', 'Terverifikasi', 1, '2025-12-04 18:30:54', '2025-12-24 22:29:28'),
(38, 19, 'Bagas Adrian', '1122334455', '3273031009010011', 'Cimahi', '2009-09-10', 'Laki-laki', 'Islam', '083312341234', 'Jl. Sangkuriang No. 77, Cimahi', 'bagas.adrian@example.com', NULL, 'SMP Al-Furqan Cimahi', '2022', 'Ujang Rukmana', 'Nani Kurniasih', '3273031208060008', 'kk_bagas.pdf', 'akte_bagas.pdf', NULL, 'Lulus', 'Ditolak', 1, '2025-12-04 18:30:54', '2025-12-24 22:29:39'),
(39, 20, 'Aulia Zahra', '5544332211', '3273040707030009', 'Bandung', '2007-07-07', 'Perempuan', 'Islam', '081356789000', 'Jl. Surapati No. 55, Bandung', 'aulia.zahra@mail.com', 'foto4.jpg', 'SMPN 2 Bandung', '2022', 'Rahmat Hidayat', 'Nur Halimah', '3273041108050002', 'kk_aulia.pdf', 'akte_aulia.pdf', 'ijazah_aulia.pdf', 'Lulus', 'Pending', 1, '2025-12-04 18:30:54', '2025-12-24 22:29:46'),
(40, 21, 'Muhammad Fikri', '6677889900', '3273051212040004', 'Garut', '2006-12-12', 'Laki-laki', 'Islam', '082145679008', 'Jl. Ahmad Yani No. 33, Garut', 'fikri.mhd@example.com', 'foto5.png', 'SMPN 1 Garut', '2021', 'Asep Supriatna', 'Neneng Rohimah', '3273051009030006', 'kk_fikri.pdf', 'akte_fikri.pdf', 'ijazah_fikri.pdf', 'Lulus', 'Terverifikasi', 1, '2025-12-04 18:30:54', '2025-12-24 22:30:04'),
(41, 22, 'Nadila Khairunnisa', '7788990011', '3273060805080003', 'Tasikmalaya', '2008-05-08', 'Perempuan', 'Islam', '083899112233', 'Jl. Peta No. 11, Tasikmalaya', 'nadila.khairu@mail.com', 'foto6.jpg', 'SMP IT Tasikmalaya', '2023', 'Iman Firmansyah', 'Siti Rohmah', '3273060205040007', 'kk_nadila.pdf', 'akte_nadila.pdf', NULL, 'Lulus', 'Pending', 1, '2025-12-04 18:30:54', '2025-12-24 22:30:08'),
(42, 23, 'Dewangga Pratama', '8899001122', '3273070102030001', 'Sumedang', '2006-02-01', 'Laki-laki', 'Islam', '081244556677', 'Jl. Angkrek No. 90, Sumedang', 'dewangga.prtm@gmail.com', NULL, 'SMPN 3 Sumedang', '2021', 'Saeful Bahri', 'Lilis Mardiah', '3273072108030004', 'kk_dewangga.pdf', 'akte_dewangga.pdf', NULL, 'Tidak Lulus', 'Ditolak', 1, '2025-12-04 18:30:54', '2025-12-24 22:30:11'),
(43, 24, 'Putri Melani', '2211334455', '3273080412030002', 'Bogor', '2004-12-04', 'Perempuan', 'Islam', '082345667890', 'Jl. Pandan Wangi No. 77, Bogor', 'putri.melani@mail.com', 'foto8.jpg', 'SMPN 7 Bogor', '2020', 'Tatang Rukmana', 'Neni Yuliani', '3273080106040003', 'kk_putri.pdf', 'akte_putri.pdf', 'ijazah_putri.pdf', 'Lulus', 'Terverifikasi', 1, '2025-12-04 18:30:54', '2025-12-24 22:30:14'),
(44, 25, 'Kevin Jonathan', '3311445566', '3273090606020008', 'Bandung', '2006-06-06', 'Laki-laki', 'Kristen', '081223344556', 'Jl. Braga No. 5, Bandung', 'kevin.jonathan@example.com', 'foto9.png', 'SMP Pelita Harapan Bandung', '2021', 'Johanes Halim', 'Maria Fransiska', '3273091010100001', 'kk_kevin.pdf', 'akte_kevin.pdf', 'ijazah_kevin.pdf', 'Lulus', 'Pending', 1, '2025-12-04 18:30:54', '2025-12-24 22:30:17'),
(45, 26, 'Aisyah Nurjanah', '9911223344', '3273100303030006', 'Cianjur', '2008-03-03', 'Perempuan', 'Islam', '083812345678', 'Jl. Melati No. 21, Cianjur', 'aisyah.nurjanah@mail.com', 'foto10.jpg', 'SMPN 4 Cianjur', '2023', 'Agus Salim', 'Nia Kurnia', '3273101506040009', 'kk_aisyah.pdf', 'akte_aisyah.pdf', NULL, 'Diproses', 'Terverifikasi', 1, '2025-12-04 18:30:54', '2025-12-24 22:30:21');


-- --------------------------------------------------------
-- Table: personal_access_tokens
-- --------------------------------------------------------
CREATE TABLE personal_access_tokens (
  id bigint GENERATED BY DEFAULT AS IDENTITY PRIMARY KEY,
  tokenable_type varchar(255) NOT NULL,
  tokenable_id bigint NOT NULL,
  name varchar(255) NOT NULL,
  token varchar(64) NOT NULL UNIQUE,
  abilities text DEFAULT NULL,
  last_used_at timestamp NULL DEFAULT NULL,
  expires_at timestamp NULL DEFAULT NULL,
  created_at timestamp NULL DEFAULT NULL,
  updated_at timestamp NULL DEFAULT NULL
);


-- --------------------------------------------------------
-- Table: prestasis
-- --------------------------------------------------------
CREATE TABLE prestasis (
  id bigint GENERATED BY DEFAULT AS IDENTITY PRIMARY KEY,
  judul varchar(255) NOT NULL,
  deskripsi text NOT NULL,
  pemenang varchar(255) DEFAULT NULL,
  foto varchar(255) DEFAULT NULL,
  created_at timestamp NULL DEFAULT NULL,
  updated_at timestamp NULL DEFAULT NULL
);

INSERT INTO prestasis (id, judul, deskripsi, pemenang, foto, created_at, updated_at) VALUES
(4, 'Juara 1 Lomba Cerdas Cermat Tingkat Kota', 'Berhasil meraih juara pertama dalam lomba cerdas cermat tingkat kota berkat kemampuan akademik yang kuat dan kerjasama tim yang baik.', 'Rizky Maulana (Siswa Kelas XI)', '1765089534_693520fe89fa0.jpg', '2025-12-06 19:29:32', '2025-12-06 23:38:54'),
(5, 'Juara 2 Olimpiade Sains Nasional Bidang Fisika', 'Mewakili sekolah dalam Olimpiade Sains Nasional bidang Fisika dan meraih peringkat kedua setelah melalui seleksi dan pembinaan intensif.', 'Aulia Putri Zahra (Siswa Kelas X)', '1765090212_693523a408bbc.jpg', '2025-12-06 23:40:00', '2025-12-06 23:50:12'),
(6, 'Juara Harapan 1 Lomba Karya Tulis Ilmiah', 'Berhasil meraih juara harapan dalam kompetisi karya tulis ilmiah tingkat provinsi dengan penelitian bertema teknologi ramah lingkungan.', 'Dida Nurwahidah Zakiyah (Siswa Kelas XII)', '1765090136_693523581a12b.jpg', '2025-12-06 23:40:58', '2025-12-06 23:48:56');


-- --------------------------------------------------------
-- Table: profil_sekolahs
-- --------------------------------------------------------
CREATE TABLE profil_sekolahs (
  id bigint GENERATED BY DEFAULT AS IDENTITY PRIMARY KEY,
  nama_sekolah varchar(255) DEFAULT NULL,
  deskripsi text DEFAULT NULL,
  visi text DEFAULT NULL,
  misi text DEFAULT NULL,
  foto varchar(255) DEFAULT NULL,
  created_at timestamp NULL DEFAULT NULL,
  updated_at timestamp NULL DEFAULT NULL
);

INSERT INTO profil_sekolahs (id, nama_sekolah, deskripsi, visi, misi, foto, created_at, updated_at) VALUES
(1, 'SMA ERHA JATINAGARA', 'SMA ERHA JATINAGARA adalah sekolah berbasis pesantren dimana seluruh siswa diwajibkan mondok dan mengikuti pengajian pesantren. Ada dua program pesantren yaitu program Kitab Kuning dan Tahfiz Al-Quran. Sekolah juga membantu mengembangkan potensi siswa sesuai minat dan bakatnya melalui kegiatan Non-Akademik. Pembentukan karakter dan budi pekerti dilaksanakan melalui pembiasaan yang diaplikasikan melalui kegiatan sehari-hari.', '“Terwujudnya lembaga pendidikan  yang menghasilkan lulusan beriman dan bertakwa, berjiwa pembelajar sepanjang hayat, Cerdas, bernalar kritis, dan berdaya saing global.”', 'Menanamkan nilai-nilai keimanan dan ketakwaan kepada Tuhan Yang Maha Esa melalui pendidikan karakter dan kegiatan keagamaan yang terintegrasi dalam kehidupan sekolah.\r\nMendorong semangat belajar sepanjang hayat melalui pembelajaran yang aktif, inovatif, kreatif, dan menyenangkan.\r\nMengembangkan kecerdasan intelektual, emosional, dan sosial melalui pendekatan pembelajaran yang holistik dan berpusat pada peserta didik.\r\nMelatih kemampuan berpikir kritis, logis, dan reflektif melalui pemecahan masalah, diskusi terbuka, dan pembelajaran berbasis proyek.\r\nMempersiapkan lulusan yang mampu bersaing secara global dengan meningkatkan penguasaan teknologi, bahasa asing, serta keterampilan abad ke-21 (4C: Critical thinking, Creativity, Collaboration, Communication).', '1764483670.jpeg', '2025-11-29 23:21:10', '2025-12-26 00:12:14');

-- --------------------------------------------------------
-- Fix Sequences
-- --------------------------------------------------------
-- Ensure the auto-increment sequences are set to the max ID
SELECT setval(pg_get_serial_sequence('beritas', 'id'), (SELECT MAX(id) FROM beritas));
SELECT setval(pg_get_serial_sequence('contacts', 'id'), (SELECT MAX(id) FROM contacts));
SELECT setval(pg_get_serial_sequence('ekstrakurikulers', 'id'), (SELECT MAX(id) FROM ekstrakurikulers));
SELECT setval(pg_get_serial_sequence('migrations', 'id'), (SELECT MAX(id) FROM migrations));
SELECT setval(pg_get_serial_sequence('users', 'id'), (SELECT MAX(id) FROM users));
SELECT setval(pg_get_serial_sequence('pendaftarans', 'id'), (SELECT MAX(id) FROM pendaftarans));
SELECT setval(pg_get_serial_sequence('prestasis', 'id'), (SELECT MAX(id) FROM prestasis));
SELECT setval(pg_get_serial_sequence('profil_sekolahs', 'id'), (SELECT MAX(id) FROM profil_sekolahs));
